"ID","Name","Application_ID","Creator"
"1","Algofi DEX BANK-ALGO Pool",906655543,"2KKXOXIFQ7VFVP7FM3YT4FNYJSXIC47RA66H3CDCFISRNFYFF5U76JFFWA"
"2","Distributor G5B",902731930,"V42YN6YWG3NJMLQJNW3XQKCPKL7VAYLVGTEZSXYY6TAASSD76MFZG5IOCQ"
"3","Algofi DEX STBL2-BANK Lending Pool",900923609,"EJAB2PODJFHEPXGR3XZ3JVSZ53DPYBMRHJO7GEDIEYABYA7XT6YLVJ3S4U"
"4","AlgoFi - Proposal Factory App",900653632,"E7JYBAQXE2FIY442YBYFJIYWMDVYHRDRSQ2Y4HFSWM5STJC3KOX7C26RBM"
"5","AlgoFi - Governance Admin App",900653388,"E7JYBAQXE2FIY442YBYFJIYWMDVYHRDRSQ2Y4HFSWM5STJC3KOX7C26RBM"
"6","AlgoFi - Voting Escrow App",900653165,"E7JYBAQXE2FIY442YBYFJIYWMDVYHRDRSQ2Y4HFSWM5STJC3KOX7C26RBM"
"7","AlgoFi - Rewards Manager App",900652834,"E7JYBAQXE2FIY442YBYFJIYWMDVYHRDRSQ2Y4HFSWM5STJC3KOX7C26RBM"
"8","Distributor G5A",887391617,"N4WRNKFQYXRZEBW6Y6CL43XNS73KPJ6JWG3SJKF5D2CNI2ZBLFYPGPORXU"
"9","Algofi Lending Protocol V2 - Vault ALGO Market",879935316,"XXH3CNN7CYICIPR2DZ56YPDEUWIXRSB5F2BQV2G4DCWKQ7SK5Z3MM6ZVLE"
"10","Algofi Lending V2 - STBL2-goETH Lending Pool",870275741,"6OMYGH2AIAZ7ZETJZOBPXFFSHMD76OWTFXCPX2KHIXVQBYHYC5KIIWVMBM"
"11","Algofi Lending V2 - STBL2-goBTC Lending Pool",870271921,"6OMYGH2AIAZ7ZETJZOBPXFFSHMD76OWTFXCPX2KHIXVQBYHYC5KIIWVMBM"
"12","Algofi DEX STBL2-goBTC Lending Pool",870150391,"6OMYGH2AIAZ7ZETJZOBPXFFSHMD76OWTFXCPX2KHIXVQBYHYC5KIIWVMBM"
"13","Algofi DEX STBL2-goETH Lending Pool",870143131,"6OMYGH2AIAZ7ZETJZOBPXFFSHMD76OWTFXCPX2KHIXVQBYHYC5KIIWVMBM"
"14","Algofi Lending V2 - STBL2-ALGO Lending Pool Market",856183130,"H73SU3IJ3V6T26XX5LJWZWMIF2HAYX57FQNJO7ETGNCUIHU2UPO53YJ4CU"
"15","Algofi DEX STBL2-ALGO Lending Pool",855716333,"H73SU3IJ3V6T26XX5LJWZWMIF2HAYX57FQNJO7ETGNCUIHU2UPO53YJ4CU"
"16","OPUL Staking Pool",843061415,"YZP4OCGJJRLHAITQBKUZ47XK4PVZ6MX3XEXJVVYK36GMOTRFWVYWOQ2VZQ"
"17","Portal",842126029,"QLSKYBVKSJRZUUDKGN7LET7X3NOAFZ3EI2N7UDZMQLQJOU6DCHXZP6KXCE"
"18","Wormhole",842125965,"QLSKYBVKSJRZUUDKGN7LET7X3NOAFZ3EI2N7UDZMQLQJOU6DCHXZP6KXCE"
"19","Algofi Lending V2 - STBL2-USDC Lending Pool Market",841194726,"LYIOQCWNGT6H4G7FRTKVTI7VNK3GW26KD6LI4IXNXWV4VDFU7URWZMPCEU"
"20","Algofi NanoSwap STBL2-USDC Lending Pool",841170409,"LYIOQCWNGT6H4G7FRTKVTI7VNK3GW26KD6LI4IXNXWV4VDFU7URWZMPCEU"
"21","Algofi Lending Protocol V2 - STBL2",841145020,"LYIOQCWNGT6H4G7FRTKVTI7VNK3GW26KD6LI4IXNXWV4VDFU7URWZMPCEU"
"22","Algofi Staking Protocol V2 - USDT",821882927,"EWFUY2LEKUPM2DYA6SDV6OCOFBC2ZHSEHL4RBIWZ77FOEKY5WFMULZD2EI"
"23","Algofi Staking Protocol V2 - USDC",821882730,"EWFUY2LEKUPM2DYA6SDV6OCOFBC2ZHSEHL4RBIWZ77FOEKY5WFMULZD2EI"
"24","Algofi Lending Protocol V2 - USDT",818190205,"3GGN7H4N63LLUDBUST53QHCDZSDJMOM4Q6XTSCK3UPD3IQGIXZFOEZIRRE"
"25","Algofi Lending Protocol V2 - goETH",818188286,"3GGN7H4N63LLUDBUST53QHCDZSDJMOM4Q6XTSCK3UPD3IQGIXZFOEZIRRE"
"26","Algofi Lending Protocol V2 - goBTC",818183964,"3GGN7H4N63LLUDBUST53QHCDZSDJMOM4Q6XTSCK3UPD3IQGIXZFOEZIRRE"
"27","Algofi Lending Protocol V2 - USDC",818182048,"3GGN7H4N63LLUDBUST53QHCDZSDJMOM4Q6XTSCK3UPD3IQGIXZFOEZIRRE"
"28","Algofi Lending Protocol V2 (Market contract)",818179346,"3GGN7H4N63LLUDBUST53QHCDZSDJMOM4Q6XTSCK3UPD3IQGIXZFOEZIRRE"
"29","Algofi Lending Protocol V2 (Manager contract)",818176933,"3GGN7H4N63LLUDBUST53QHCDZSDJMOM4Q6XTSCK3UPD3IQGIXZFOEZIRRE"
"30","Folks Finance - ALGO/gALGO PLP (Pool)",805846536,"IHUVXDLJFUSNPEYJALTDZEYP4NQFETXG2XE45555XQLZQ3OYGVE6FARGW4"
"31","Folks Finance - USDC/gALGO TMP1.1 (Pool)",805843312,"OAKLI7OO4UWAHJDV57MB5LLRJKQMO36UFPT53EUVXHFWAHJECSGEPM6RQM"
"32","Folks Finance - gALGO (Pool)",794055220,"DGVQUSWPHQ2DAGK3G3256RC3TOLBQ2SB3GBQERXCX2ONAOZX5VG2YGWDHU"
"33","Folks Finance - DISTRIBUTOR G4",793119270,"KBZRN26YCFVECZA5H5IMRXET4P4LHJXMA4ABEHWDWXVRA5DC6M7ZR4JNHQ"
"34","Folks Finance - DISPENSER",793119194,"KBZRN26YCFVECZA5H5IMRXET4P4LHJXMA4ABEHWDWXVRA5DC6M7ZR4JNHQ"
"35","Folks Finance - USDC/USDt TMP1.1 (Pool)",776179559,"LYSRAM2F3MAPIKFKCR3LFPNQCC5AKKSLIOFT4ZCZ6PPBQO7KKXT35W5H2Q"
"36","Folks Finance - USDC/USDt PLP (Pool)",776176449,"DGWPBGBSSHMC4LEMNPENCTMILERPUMSUM5DHR2UY5ZTR4S2UII3T5G2RPQ"
"37","Folks Finance - Planets (Rewards aggregator)",752770929,"RETTRU6FECGIWUC6R4RNCDGYJIAQTYZCKEXWYB7M4CCC5ODOEOXIY4I75Y"
"38","Folks Finance - PLANET (Pool)",751285119,"OFTHSVKXNAZI2EIOBZTSTEOXPTNV64UPMZRPCQB4225H6OHJ3RDG7B3H7A"
"39","Folks Finance - ALGO/USDC PLP (Pool)",747239433,"X6AUC7NNRPHDJZTBSQNQ5EIJOZTKA3K5Q5YCX2KB3PYBNJDHE3ADG7KMDE"
"40","Folks Finance - ALGO/USDC TMP1.1 (Pool)",747237154,"OEF5KHI5YMK7CXN2DCPHZWCLLH42YO6OGT4G3BPVVUECAFIC2ROUC3YY5E"
"41","Folks Finance - ALGO/gALGO3 PLP (Pool)",743685742,"GYDMJ2BYQHAKBLEXQ3L25EFTFYMORM2SHJ4PPB2EZDPNSAOQ4I2XK7F7TY"
"42","Folks Finance - ALGO/gALGO3 TMP1.1 (Pool)",743679535,"Y43WQVMBZQP4J5DWJMWANKFWXK3F34YJ5C7TH2QHOCGA3VRKGAGEE67XRA"
"43","Algofi -  Stability Module (Manager contract)",705663269,"IBHDINYAZIVZ2RPR5ZIS2C7LW2PF5LTH7AVI3HQBPY5TNM2JPSQDV4L46I"
"44","Algofi -  Stability Module (Market contract)",705657303,"IBHDINYAZIVZ2RPR5ZIS2C7LW2PF5LTH7AVI3HQBPY5TNM2JPSQDV4L46I"
"45","Folks Finance - goETH (Rewards aggregator)",696044550,"YLQX67WFXMSUZFPDVNCJOS4BVNTZMIXZMTL6Y7JHFDGAEPXLYIAZ6QE5MM"
"46","Folks Finance - gALGO3 (Pool)",694464549,"PKIJE43BVI2LA2PGHMTGMMOOPMUG2WVAFJ45N6JC66DURUJYE42TMDGB54"
"47","Folks Finance - goETH (Pool)",694405065,"HJ5MTNPBK36ZGLQTJBBX53433COLTAVB7FAF2BEI2BZECMT6RU6XFNSTSY"
"48","Folks Finance - goBTC (Rewards aggregator)",686876641,"NURTDZ6E5LHLHFEFO7ZY2VDKIA7SGVATFEEJ7BJCH2EGN3UTN2KOG6KQHE"
"49","Folks Finance - USDt (Rewards aggregator)",686875498,"5RTKZJ7AW7BNKUEU2X4JNG4PAT7VHGSQADM33NGKWDAEHBAAYOCI3UN7NE"
"50","Folks Finance - USDC (Rewards aggregator)",686862190,"W4DORS6XIVNJWXQKYJCKX466CEQPFRIL7O4KDWRA7PZFWOXARUSYFGIXPE"
"51","Folks Finance - ALGO (Rewards aggregator)",686860954,"MH6DCJBQHS62JLUC3FEW5W7SRRZYEVIYXVBLUAY7J5I2K2K35VZOI6IKKA"
"52","Folks Finance - goBTC (Pool)",686501760,"HSWY2NFJPNBEB25SAPLB7G623MZQDGFCOFQ5IONBLUX7TRKMN7R3KE7GKQ"
"53","Folks Finance - USDt (Pool)",686500844,"FDETLCN4GLVEWCDVCCUZ5APHPP2GK5SMVPQIY6IDTZCXEM2DV6IIFB37XY"
"54","Folks Finance - USDC (Pool)",686500029,"3RRPAWEIE3KRTW5P36HJUFE2XIXW6B3NJBVSXACKE7DP7LOMESEWQZNNVE"
"55","Folks Finance - ALGO (Pool)",686498781,"OZB2T4CA65SQGGLKM6AFR4E4QTLMHFL5IROUATTFA3HN74HQE6ZQDMRSQE"
"56","Algofi - OPUL (Manager contract)",674527132,"LRWWFRDEAPLISJRBN7MVKTPYJBNTZX5VER33D4OATXGPE73GGVYLXS3ZXI"
"57","Algofi - OPUL (Market contract)",674526408,"LRWWFRDEAPLISJRBN7MVKTPYJBNTZX5VER33D4OATXGPE73GGVYLXS3ZXI"
"58","Algofi  NanoSwap - USDC-USDT (Manager contract)",661247364,"NBJ4JCAO4DYHUUKSDP6JECOL64ZSCJWJAN4BWOA2DPSJVX6TV25YMNGXSA"
"59","Algofi NanoSwap - USDC-USDT (Market contract)",661207804,"NBJ4JCAO4DYHUUKSDP6JECOL64ZSCJWJAN4BWOA2DPSJVX6TV25YMNGXSA"
"60","Algofi NanoSwap - STBL-USDT (Manager contract)",661204747,"NBJ4JCAO4DYHUUKSDP6JECOL64ZSCJWJAN4BWOA2DPSJVX6TV25YMNGXSA"
"61","Algofi NanoSwap - STBL-USDT (Market contract)",661199805,"NBJ4JCAO4DYHUUKSDP6JECOL64ZSCJWJAN4BWOA2DPSJVX6TV25YMNGXSA"
"62","Algofi NanoSwap - STBL-USDC (Manager contract)",661193019,"NBJ4JCAO4DYHUUKSDP6JECOL64ZSCJWJAN4BWOA2DPSJVX6TV25YMNGXSA"
"63","Algofi NanoSwap - STBL-USDC (Market contract)",661192413,"NBJ4JCAO4DYHUUKSDP6JECOL64ZSCJWJAN4BWOA2DPSJVX6TV25YMNGXSA"
"64","Algofi NanoSwap - USDT-USDC (Pool)",659678644,"R7SGHXWE3AFLRFLPAQGB3O5TQZ2YO3BW22U67ONRBWFDPZWIKUYDNJHK3A"
"65","Algofi NanoSwap - USDT-STBL (Pool)",659677335,"R7SGHXWE3AFLRFLPAQGB3O5TQZ2YO3BW22U67ONRBWFDPZWIKUYDNJHK3A"
"66","Algofi NanoSwap - USDC-STBL (Pool)",658337046,"R7SGHXWE3AFLRFLPAQGB3O5TQZ2YO3BW22U67ONRBWFDPZWIKUYDNJHK3A"
"67","Algofi NanoSwap - (Manager contract)",658336870,"R7SGHXWE3AFLRFLPAQGB3O5TQZ2YO3BW22U67ONRBWFDPZWIKUYDNJHK3A"
"68","Tinyman Staking",649588853,"ZOVFSBOMVBST5UCFDEH77F3XLKBYINLPVEVWPZ2VSOVQAIUXXAXV2CYUMQ"
"69","Algofi - STBL-ZONE (Manager contract)",647785804,"P2HHBT77PKXS6M2ISGRHLYTRJ6D4GRG5RD3IUGIBJCTORXSNAMH7VKC5DI"
"70","Algofi - STBL-ZONE (Market contract)",647785158,"P2HHBT77PKXS6M2ISGRHLYTRJ6D4GRG5RD3IUGIBJCTORXSNAMH7VKC5DI"
"71","Algofi - DEFLY (Manager contract)",641500474,"EAWKHTNL5VIBOPD5DKGPKEPQWZPBDBI5NUZZKNG7EEDZQ75K2BOR6DQWBU"
"72","Algofi - DEFLY (Market contract)",641499935,"EAWKHTNL5VIBOPD5DKGPKEPQWZPBDBI5NUZZKNG7EEDZQ75K2BOR6DQWBU"
"73","Algofi - STBL-DEFLY (Manager contract)",639747739,"7X4HZLCJOI42P2RNN4SCMFRPNG2YM4S3A34R444EETQRWIC7INCOWBR2EI"
"74","Algofi - STBL-DEFLY (Market contract)",639747119,"7X4HZLCJOI42P2RNN4SCMFRPNG2YM4S3A34R444EETQRWIC7INCOWBR2EI"
"75","Algofi - STBL-OPUL (Manager contract)",637795072,"Z36ZXH5J7X4PMPTNDE4LSKY6UEQYIAZ57SKWH5JE4JFODFIEOKNPX2GH4U"
"76","Algofi - STBL-OPUL (Market contract)",637793356,"Z36ZXH5J7X4PMPTNDE4LSKY6UEQYIAZ57SKWH5JE4JFODFIEOKNPX2GH4U"
"77","Algofi - STBL-GOETH (Manager contract)",635866213,"BXXGBG6U43DIUEFK23X66BCLUBS62CKJOIGDURBBIZVDGVU4YKRZ6FKLXY"
"78","Algofi - STBL-GOETH (Market contract)",635864509,"BXXGBG6U43DIUEFK23X66BCLUBS62CKJOIGDURBBIZVDGVU4YKRZ6FKLXY"
"79","Algofi - STBL-GOBTC (Manager contract)",635863793,"BXXGBG6U43DIUEFK23X66BCLUBS62CKJOIGDURBBIZVDGVU4YKRZ6FKLXY"
"80","Algofi - STBL-GOBTC (Market contract)",635860537,"BXXGBG6U43DIUEFK23X66BCLUBS62CKJOIGDURBBIZVDGVU4YKRZ6FKLXY"
"81","Algofi - STBL-XET (Manager contract)",635813909,"BXXGBG6U43DIUEFK23X66BCLUBS62CKJOIGDURBBIZVDGVU4YKRZ6FKLXY"
"82","Algofi - STBL-XET (Market contract)",635812850,"BXXGBG6U43DIUEFK23X66BCLUBS62CKJOIGDURBBIZVDGVU4YKRZ6FKLXY"
"83","Algofi - STBL-USDC (Manager contract)",611869320,"LEAUT3X2YMLY7EEPS7VVLFSKXEMH5FLAJ7GNCFXZV7O5JYHJVQXGGR3MYU"
"84","Algofi - STBL-USDC (Market contract)",611867642,"LEAUT3X2YMLY7EEPS7VVLFSKXEMH5FLAJ7GNCFXZV7O5JYHJVQXGGR3MYU"
"85","Algofi - STBL-ALGO (Manager contract)",611804624,"LEAUT3X2YMLY7EEPS7VVLFSKXEMH5FLAJ7GNCFXZV7O5JYHJVQXGGR3MYU"
"86","Algofi - STBL-ALGO (Market contract)",611801333,"LEAUT3X2YMLY7EEPS7VVLFSKXEMH5FLAJ7GNCFXZV7O5JYHJVQXGGR3MYU"
"87","Algofi DEX ALGO-USDC Pool",605929989,"FUBEJE73PXSR6H6B5RIW3VVVHQA3FS3MIWAAUOL3KLUM5WP2HCUTDMIGIE"
"88","Algofi - DEX (Manager contract)",605753404,"2OZCZQOWXNYRI6OR7DC5RV3E2GJOH742TBHMX6OUA5GSZ4ZJQP3DBSOAU4"
"89","Algofi - Tinyman STBL-USDC (Manager contract)",553869413,"KG5EXEQN4BNQBLYAO6H3ICFX26ATIMICW2RYVGIQXF35THOC3KRKDTW6JM"
"90","Algofi - Tinyman STBL-USDC (Market contract)",553866305,"KG5EXEQN4BNQBLYAO6H3ICFX26ATIMICW2RYVGIQXF35THOC3KRKDTW6JM"
"91","Tinyman AMM V1.1",552635992,"K3G7XHS3V4547EFGKMYXLVIEBEGG6ZYDU5IWM73D3U75RNIBPF2KPKRCWA"
"92","Algofi - STBL (Manager contract)",482625868,"TFONT6HASLUUWDRE3MEEC4GS5PIMLEKNCE7Z2JMGNBFIHVZZ2QEJ7MODZE"
"93","Algofi - STBL (Market contract)",482608867,"TFONT6HASLUUWDRE3MEEC4GS5PIMLEKNCE7Z2JMGNBFIHVZZ2QEJ7MODZE"
"94","Algofi - Lending Protocol (Manager contract)",465818260,"3EPGHSNBBN5M2LD6V7A63EHZQQLATVQHDBYJQIZ6BLCBTIXA5XR7ZOZEB4"
"95","Algofi - Vault (Market contract)",465814318,"3EPGHSNBBN5M2LD6V7A63EHZQQLATVQHDBYJQIZ6BLCBTIXA5XR7ZOZEB4"
"96","Algofi - STBL (Market contract)",465814278,"3EPGHSNBBN5M2LD6V7A63EHZQQLATVQHDBYJQIZ6BLCBTIXA5XR7ZOZEB4"
"97","Algofi - goETH (Market contract)",465814222,"3EPGHSNBBN5M2LD6V7A63EHZQQLATVQHDBYJQIZ6BLCBTIXA5XR7ZOZEB4"
"98","Algofi - goBTC (Market contract)",465814149,"3EPGHSNBBN5M2LD6V7A63EHZQQLATVQHDBYJQIZ6BLCBTIXA5XR7ZOZEB4"
"99","Algofi - USDC (Market contract)",465814103,"3EPGHSNBBN5M2LD6V7A63EHZQQLATVQHDBYJQIZ6BLCBTIXA5XR7ZOZEB4"
"100","Algofi - ALGO (Market contract)",465814065,"3EPGHSNBBN5M2LD6V7A63EHZQQLATVQHDBYJQIZ6BLCBTIXA5XR7ZOZEB4"
"101","Tinyman AMM V1.0",350338509,"K3G7XHS3V4547EFGKMYXLVIEBEGG6ZYDU5IWM73D3U75RNIBPF2KPKRCWA"
"102","HUMBLE LP - BD/HMBL2LT",848787576,"RHFGMPFUL6AQICKTCDMNUJRAD67D5W3RHQGA2LJDV3H65SMLOXLDSDXHHE"
"103","HumbleSwap - ALGO/Plug Ugly Coin Liquidity Pool",818602187,"NTRAMOVTFOFXQVLAHESXLGKHJAST4DWNRA3DTDEVOHP6DONYEW5FPFC3UM"
"104","HumbleSwap - ALGO/ASA Portfolio Liquidity Pool",817459914,"SIZEONSFFMUE6NL6SWGCSOILMRAMHH7BNWLMRD6GFZ2JYEYW5CLTOQNPDY"
"105","HumbleSwap - ALGO/Xoge Liquidity Pool",811067896,"ZCGAOA2KG3EHWIUKDR5UZEIR3GZADXAZI4UYDWNOS5RINTZUG5Z57NFNEI"
"106","HumbleSwap - ALGO/ASA Stats Liquidity Pool",810996104,"YCUJYAHIBMQKZT4YAA2LOBKXGDAFLQNFJNLOUFY6L57CL7PQLAAYCLLV2A"
"107","HumbleSwap - ALGO/Block Liquidity Pool",810991930,"QVNNDGIE22ISNWYSVV4UMW36CQDSJ3ICKJUE5PTWYZJDWX6V46HCGOHV2U"
"108","HumbleSwap - ALGO/GHOST Liquidity Pool",810072531,"GHSTY64WGZU3UN33N7LZWCWL4V5QIBI4ODUS3CMHCNQ5JRWB7HOF2WG5JY"
"109","HumbleSwap - ALGO/Angels of Ares Liquidity Pool",810058782,"ARES5ZGOPILXRKCWPEO2ZR6GNJ3EAUE2N5PUDG6J2RLVEV2DDIOEK47NWY"
"110","HumbleSwap - ALGO/Aims Liquidity Pool",805959700,"NFX6JMBYAF27B2BLLQZ6JGNEWHOQPX3B7JQOMDAVLRIB3RZ7VNB633DVAY"
"111","HumbleSwap - ALGO/Wormhole Liquidity Pool",805930289,"PKWFQU7Y47YV2XCEE7IGAHAPSSIXAIONMAVOEWXI5UOD3I5B4GNKQQQG2Q"
"112","HumbleSwap - ALGO/SCOUT Liquidity Pool",805234207,"EUTCNLFQVWU6VKWEAISWUQZKWRAMEUEZ3W5HO4QSCBCG2OEN4ANCAONMXU"
"113","HumbleSwap - ALGO/BOARD Liquidity Pool",805202737,"CF73HDYR7YOYWWFH7UCHAOG47SDVKSINP2KNMZ4627MCOTRSUL5DZFPJT4"
"114","HumbleSwap - ALGO/gALGO Liquidity Pool",805140967,"4KZR4J2BNG7USEHLO7A4BWYW4OKBXPQPHY2DSNY2PM2FJNXIQPLYT5GWDI"
"115","HumbleSwap - ALGO/LOX Liquidity Pool",802880767,"RSOVZLKOGFLPPPPKTL62KKOZVXPQOIKMKFEIVHABED7OUOAYMI64NPJJVQ"
"116","HumbleSwap - Planets/PWCREDIT Liquidity Pool",800566087,"CTNVMVZC2RW5ZLFPLRCFOF4GT4VW3ZOAGOTOMYHJLNND3WRNZL2GPGNFYY"
"117","HumbleSwap - ALGO/RIO Liquidity Pool",798217167,"CF73HDYR7YOYWWFH7UCHAOG47SDVKSINP2KNMZ4627MCOTRSUL5DZFPJT4"
"118","HumbleSwap - ALGO/Planets Liquidity Pool",796188450,"F3ZNX63NWTMHGQ5CCN2K4JGDF65HGUTEVJQXED6HKGNAS6SD3UEV5GWA6Q"
"119","HumbleSwap - ALGO/MOIST Liquidity Pool",794422646,"CBSN7BZX4EBE3JBHDH6WXI56MSUPUBVMYRRBGGOXZU73GJ7FKND6HNOSUQ"
"120","HumbleSwap - ALGO/ADVENTUR Liquidity Pool",792015446,"PU4ZQFNALDKGBOQBSRVEUKG6OBTP4V3DIH2DA3NVLSJ7YSDSCMCWBTW5C4"
"121","HumbleSwap - ALGO/GARD Liquidity Pool",790440838,"DM2VWY6UQQJJOGDDD46CKWYW7WSHA3POVTVTGHDMWKFUGGCWL25ROMNE6I"
"122","HumbleSwap - ALGO/TMPOOL11 Liquidity Pool",789941730,"VF6QNUYJSODR3J6V6K2TVDU46X6ATOFGIH2ZWTCQEKZ2FFCJCX5N2P5INI"
"123","HumbleSwap - Paro/KITSU Liquidity Pool",789917736,"BTCB76Q5SCORLTCGQL4WAEBSZB7CRCFGTMBXCDWORDGVEY2J72FXJ4HRMM"
"124","HumbleSwap - ALGO/Paro Liquidity Pool",789897919,"6MZPSW7CEEFKYNRMVLYOYDKRQCCXVBL3PMYEXBWAA2ZT64YWZTWDCH7X4I"
"125","HumbleSwap - ALGO/Planets Liquidity Pool",787300124,"XYS43RS2Y5UNTY7W24MUKLNFZ45VILD5ETUJ7IZFWE75N5VA3JGUJTMEWE"
"126","HumbleSwap - goBTC/CZN Liquidity Pool",786786367,"WBX6C3MQZDQCPVBN5VDO5AMFKCQODE7HMVIA27EYTBYAGZ5T27MOZJH3UA"
"127","HumbleSwap - ALGO/$Drakk Liquidity Pool",785782947,"ZKT77BRURE6BO27V6ERF2T3FU4KVQN2F2OOF5LZUKDU3XLCUHW2QY7H2EA"
"128","HumbleSwap - ALGO/WBLN LP Yield Farm",785546287,"QRI7HNUXTBOMV5LMTSTS3A2LTEIAKJIWBEKTNVX7CM537UQT2UNXWFGN34"
"129","HumbleSwap - ALGO/chip LP Yield Farm",785102116,"ZCG3G65JJJ24GQQP2DWLA34J3TMHEXATMUOOGM2SBGIPMI7HAIOTAPWLIA"
"130","HumbleSwap - ALGO/XET LP Yield Farm",785099755,"HBR5GVSSPBN7IJ4JYJ6CKEXC5DYCKH7NFPDOM4JWRPMATB5EYXFHPHS3TM"
"131","HumbleSwap - ALGO/LTBX Liquidity Pool",784577700,"LTBXDYZS2KH7JCXIPYHII52BIHQ3KJLQGAPRXFVDPGBIYSZ2LQUQSVQLYM"
"132","HumbleSwap - ALGO/goMINT LP Yield Farm",784536240,"O74MYOAFM4KJ5G72IBKGRQKXU43M75VIDEUH6TNCUNRLBXI5SXI7GRQHYQ"
"133","The Humble Swap Yield Farm for ALGO/STKE LP.",784340682,"5T4XRV5KSNYZ57SU7B65UITJZ26PMIDJUMXT4EUBWXO3XE4MS2PFOFB724"
"134","HumbleSwap - ALGO/GEMS LP Yield Farm",784331195,"XYS43RS2Y5UNTY7W24MUKLNFZ45VILD5ETUJ7IZFWE75N5VA3JGUJTMEWE"
"135","HumbleSwap - ALGO/ADAO LP Yield Farm",784327548,"XYS43RS2Y5UNTY7W24MUKLNFZ45VILD5ETUJ7IZFWE75N5VA3JGUJTMEWE"
"136","HumbleSwap - ALGO/SMILE LP Yield Farm",784317910,"FQ5Y2WEOBBGZOXWLRW55D2Q4I635FYJIRKE2G2NTAZP2SIAXS4AZIYJPYY"
"137","HumbleSwap - ALGO/USDC LP Yield Farm",784293419,"XYS43RS2Y5UNTY7W24MUKLNFZ45VILD5ETUJ7IZFWE75N5VA3JGUJTMEWE"
"138","HumbleSwap - ALGO/ALCH LP Yield Farm",784191608,"OJGTHEJ2O5NXN7FVXDZZEEJTUEQHHCIYIE5MWY6BEFVVLZ2KANJODBOKGA"
"139","HumbleSwap - ALGO/VEST LP Yield Farm",784136787,"VEST2A43254FW6XZYIRUL2RZPCR4M3BH35UPMRSMFS3YCBX5SYPQDIBSIU"
"140","HumbleSwap - ALGO/DEFLY LP Yield Farm",783997575,"K32GRE7G64NUDCFYPOT2CE2KLPFSPSQITHDBKKISGJ5443X4IFWHUCYGXQ"
"141","HumbleSwap - ALGO/AKTA Liquidity Pool",783345603,"NJUQGTRDILEX7DIK6WUZ373DN3QKOZCTN6YWNHYRZTOG5NBHMCTXVGRVTY"
"142","HumbleSwap - ALGO/HDL LP Yield Farm",783228175,"VMD3LZXHPU63DWQOM2ZOHBHT6JCWNBTBITCUUZDS3VE2O2LGVYWPZKFJHI"
"143","HumbleSwap - ALGO/HDL Liquidity Pool",783216201,"XYS43RS2Y5UNTY7W24MUKLNFZ45VILD5ETUJ7IZFWE75N5VA3JGUJTMEWE"
"144","HumbleSwap - ALGO/STBL Liquidity Pool",781760847,"OBEVIGEZTEFNULMAODD2XQ766D6DL664LI2SAWGP3DBP2LTRP7MEDUTGHQ"
"145","HumbleSwap - ALGO/CZN Liquidity Pool",780975511,"WBX6C3MQZDQCPVBN5VDO5AMFKCQODE7HMVIA27EYTBYAGZ5T27MOZJH3UA"
"146","HumbleSwap - ALGO/XET Liquidity Pool",780434326,"XYS43RS2Y5UNTY7W24MUKLNFZ45VILD5ETUJ7IZFWE75N5VA3JGUJTMEWE"
"147","HumbleSwap - ALGO/ADAO Liquidity Pool",780420235,"XYS43RS2Y5UNTY7W24MUKLNFZ45VILD5ETUJ7IZFWE75N5VA3JGUJTMEWE"
"148","HumbleSwap - ALGO/CURATOR Liquidity Pool",780019724,"XAIPYUOCH42LRVKJ3JZJ4EM6OJVTAX3O4JJ5KIG6JN7URYALNI5FXI6YNA"
"149","HumbleSwap - ALGO/KBX Liquidity Pool",779712918,"RVDUBHBXX7ZK3HVKGFIKPVXF7AQBUHETFDWGBO2XYPTZTEXUBEQJCDWJLQ"
"150","HumbleSwap - ALGO/Tacos Liquidity Pool",779655316,"WAH7M6JXHHM4XMWX4IAZ26O7ZQIEXUM7O5CAXHNUVJCCW3A2Z5CJJEZGRE"
"151","HumbleSwap - ALGO/SMILE Liquidity Pool",779149552,"XYS43RS2Y5UNTY7W24MUKLNFZ45VILD5ETUJ7IZFWE75N5VA3JGUJTMEWE"
"152","HumbleSwap - ALGO/GEMS Liquidity Pool",779148387,"XYS43RS2Y5UNTY7W24MUKLNFZ45VILD5ETUJ7IZFWE75N5VA3JGUJTMEWE"
"153","HumbleSwap - ALGO/COSG Liquidity Pool",779146836,"XYS43RS2Y5UNTY7W24MUKLNFZ45VILD5ETUJ7IZFWE75N5VA3JGUJTMEWE"
"154","HumbleSwap - ALGO/ALCH Liquidity Pool",779144473,"XYS43RS2Y5UNTY7W24MUKLNFZ45VILD5ETUJ7IZFWE75N5VA3JGUJTMEWE"
"155","HumbleSwap - ALGO/goMINT Liquidity Pool",779142716,"XYS43RS2Y5UNTY7W24MUKLNFZ45VILD5ETUJ7IZFWE75N5VA3JGUJTMEWE"
"156","HumbleSwap - ALGO/STKE Liquidity Pool",779141178,"XYS43RS2Y5UNTY7W24MUKLNFZ45VILD5ETUJ7IZFWE75N5VA3JGUJTMEWE"
"157","HumbleSwap - ALGO/RDINI Liquidity Pool",778051470,"D6PHATGXVQ7JHST2C7GLEXPNYFS6BJ2TV2W55FKFHH4CQWYERK7CL5SD4I"
"158","HumbleSwap - ALGO/DEFLY Liquidity Pool",778031658,"XHDVQC6TUCJTILNKCETDAZVCOWICWAUICKBKJFHBCWX5SVUIYIHNNXOENM"
"159","HumbleSwap - ALGO/comand Liquidity Pool",777878364,"COMANDDSG56ER7IO7IEKBNVDYF65VD6ISC3RPB5BW5CQUI5ELJY4M25NHQ"
"160","HumbleSwap - ALGO/VEST Liquidity Pool",777747637,"IWPDCIAOFQTFXINNKOAF76H3V7E7XPCPQKMY7Q5AMXKWCCLXE675GL3YJY"
"161","HumbleSwap - ALGO/FAME Liquidity Pool",777736409,"RXL2QZF5XYICNCNJ4A4VPHCRWWUJFUIZWWLMRD5KMK4CVHZY4KHBVD6FBI"
"162","HumbleSwap - ALGO/WBLN Liquidity Pool",777673635,"JFRGNCFTCN6PT5RGT32EPQ4B4CLCR3GMUVTQBV7QU7QOB4UT3B2BGMUWOA"
"163","HumbleSwap - TINY/HMBL1LT Liquidity Pool",777670234,"3OU2NKDPBGVTYPQT3WNXPAFCM6VYCYBB7JKFTQDSTK34COA6TY47XO72HM"
"164","HumbleSwap - ALGO/goBTC Liquidity Pool",777662431,"JFRGNCFTCN6PT5RGT32EPQ4B4CLCR3GMUVTQBV7QU7QOB4UT3B2BGMUWOA"
"165","HumbleSwap - ALGO/goETH Liquidity Pool",777657671,"JFRGNCFTCN6PT5RGT32EPQ4B4CLCR3GMUVTQBV7QU7QOB4UT3B2BGMUWOA"
"166","HumbleSwap - ALGO/OPUL Liquidity Pool",777643671,"JFRGNCFTCN6PT5RGT32EPQ4B4CLCR3GMUVTQBV7QU7QOB4UT3B2BGMUWOA"
"167","HumbleSwap - ALGO/USDt Liquidity Pool",777639704,"JFRGNCFTCN6PT5RGT32EPQ4B4CLCR3GMUVTQBV7QU7QOB4UT3B2BGMUWOA"
"168","HumbleSwap - ALGO/USDC Liquidity Pool",777628254,"JFRGNCFTCN6PT5RGT32EPQ4B4CLCR3GMUVTQBV7QU7QOB4UT3B2BGMUWOA"
"169","HumbleSwap - ALGO/YLDY Liquidity Pool",777623301,"JFRGNCFTCN6PT5RGT32EPQ4B4CLCR3GMUVTQBV7QU7QOB4UT3B2BGMUWOA"
"170","HumbleSwap - ALGO/chip Liquidity Pool",773172535,"JFRGNCFTCN6PT5RGT32EPQ4B4CLCR3GMUVTQBV7QU7QOB4UT3B2BGMUWOA"
"171","Agrotoken",771945161,"5XPJR2GQJVTZGB6P7OQIMFBW5GSYSINPABMXIWTP6JAA2ORDVSRVUZJI5Q"
"172","HumbleSwap - USDC/USDt Liquidity Pool",771891102,"R6EEEGGITRHQZZEAOG7HV2N34OXAK4N3Z73G4S43F2YKZI3WYYUOQHYIU4"
"173","HumbleSwap - Protocol",771884869,"R6EEEGGITRHQZZEAOG7HV2N34OXAK4N3Z73G4S43F2YKZI3WYYUOQHYIU4"
"174","NFDomains Registry",760937186,"LWUQIDFKRIGTLCNWWX636UOFBI5L26WUDYQYS55ODUBV5DJYXKL5YIGVA4"
"175","Algorand Name Service",628095415,"YWRPCMAJRZFWSLMA5N5CKART2FV4IUGYLXXK5K3HQ72RYCIUN5LEKEWD3E"
"176","AlgoDEX - Sell (Order book)",354073834,"UUEUTRNQY7RUXESXRDO7HSYRSJJSSVKYVB4DI7X2HVVDWYOBWJOP5OSM3A"
"177","AlgoDEX - Buy (Order book)",354073718,"UUEUTRNQY7RUXESXRDO7HSYRSJJSSVKYVB4DI7X2HVVDWYOBWJOP5OSM3A"
"178","Cables DEX",944210403,"5AXF4NIOYDPX5KESHU5WIJYKYMWDBJMCK6UFQSMDJRKIOPP6KLG55JLDUA"
"179","Ettle",921646891,"ZIRPQQHOJ2VWHFKLDQZ5QGTDYH5YEDRQ3ST7BZ2QGORCS3CE4L5UCWVK6M"
"180","Pazly",879581695,"Q3MMMINNUCYFH3CBU54J36JISCO4ULN7RXLFHXHEYYGXSP4NQO4T636MYY"
"181","Viikoin",863680537,"6JJRTHY7E65N4KOF6K2VKDMMXEMZSKH5KSHO6BXCZTUUTGTZNOHXZNDPVY"
"182","Optimum",860154108,"IUF7DMSCJWF2RNNXYRRXMKKHBHGQLXDWPOMND2QI3IEM22KFJLQOFCR7MY"
"183","TravelX | Factory",855331006,"52MVNW6FNW7L6W7IAKSROD5FYZGZNLVKT6WUWNUFEE3DT737RYIIL2YQ3Y"
"184","ThankYou",844654401,"MLTKFFEJYQ5E32VLNSYNEORPY4ZMCIDN62ADUXCJEZDEAE72KAJK35OSOA"
"185","Althena: threshold",826515019,"A7RWJIKH5VWTTPUVCT6SE54Y36OBPPKLE7HEUXHW7N66CQXU4YUICLHQUU"
"186","Althena: Proxy(Humbleswap)",826494699,"A7RWJIKH5VWTTPUVCT6SE54Y36OBPPKLE7HEUXHW7N66CQXU4YUICLHQUU"
"187","DAO Vote #1",826032354,"Z3W4BTN5JQQ76AFQX2B2TGU3NPKGXF7TA7OJ4BYS4BK5FAITCED7AFRZXI"
"188","Square Monster",823866235,"DY2NFQIWDGGDA3LIXPUZ3QVP4D53X7WC4O4YY3DGEYWFTEST7AB4JBCJCU"
"189","IceVolt ICE-USDC LP",812198094,"6F5OPQGYR5ND4MMQCTAH6X46NPX76BSV6W4DRMNCGVAEGNPFRR3OTJRDTI"
"190","ADHDclub.algo",806492075,"XM5KCOBB6X3WIGUMIQFH5YHKM3TJGWTRD2ODHAEZVAZIWTHH3FFLDWNH4I"
"191","AlgoPixels links",766453886,"CL2ORUNYWKO5NLQUFFAX75SNTLSPZSPC52FYBP6XHSU5KPUOY2A5ZT36B4"
"192","AlgoPixels slots",711081866,"CL2ORUNYWKO5NLQUFFAX75SNTLSPZSPC52FYBP6XHSU5KPUOY2A5ZT36B4"
"193","Postmodern Protocol",708225498,"2NTACWFKK2VZWYJOGABX5V5VHK26KLPNDGWGAGCFIRZ3G7HYP2H6765GQE"
"194","Board",624032309,"BOARDQCRUEFTMVKV5OZBSTVBLFGDVKCATGPRLM5NQHZAOQTCVAKDSANKMY"
"195","BurnYourAsa",553829581,"7DX3ORKPLPISFKZALY2GA4GGNIGBSODDVNBPQ22NJD5JKEA5OFTQK2VWSA"
